[
  {
    "code" : "GALR210214",
    "name" : "Gale Reef",
    "length" : "4 nights / 5 days",
    "start" : "2021-02-14T08:00:00Z",
    "resort" : "Emerald Bay, 3 stars",
    "perPerson" : "799.00",
    "image" : "reef1.jpg",
    "description" : "<p>Gale Reef Sed at angue lorem. In sit amet placera"
  } ,
  {
    "code" : "DAWR210315",
    "name": "Dawson's Reef",
    "length" : "4 nights / 5 days",
    "start" : "2021-03-15T08:00:00Z",
    "resort" : "Blue Lagoon, 4 stars",
    "perPerson" : "1199.00",
    "image": "reef2.jpg",
    "description": "<p>Dawsons's Reed Integer manga leo, posuere et digni"
  },
  {
    "code" : "CLAR210621",
    "name": "Claire's Reef",
    "length" : "4 nights / 5 days",
    "start" : "2021-06-21T08:00:00Z",
    "resort" : "Coral sands, 5 stars",
    "perPerson" : "1999.00",
    "image": "reef3.jpg",
    "description": "<p>Claire's Reed Donec sed felis risus. Nulla facili"
  }
]